email,name,team,description,skills,social
user.user.1@example.com,User 1,Development,"User 1 is a seasoned frontend developer with a passion for creating intuitive user interfaces.","JavaScript,Vue.js,CSS,HTML","https://linkedin.com/in/user1,https://github.com/user1"
user.user.2@example.com,User 2,Marketing,"User 2 is a creative marketing specialist who excels in digital campaigns and brand strategy.","SEO,Content Marketing,Social Media","https://dribbble.com/user2,https://behance.net/user2"
user.user.3@example.com,User 3,Design,"User 3 is a talented UI/UX designer with a keen eye for detail.","Figma,Sketch,Adobe XD","https://twitter.com/user3,https://github.com/user3"
user.user.4@example.com,User 4,Engineering,"User 4 is a backend engineer with expertise in building scalable server-side applications.","Node.js,Python,SQL,MongoDB","https://linkedin.com/in/user4,https://dribbble.com/user4"
user.user.5@example.com,User 5,Product,"User 5 is a product manager who bridges the gap between technical teams and customer needs.","Agile,Scrum,Product Roadmapping","https://behance.net/user5,https://twitter.com/user5"
user.user.6@example.com,User 6,Operations,"User 6 ensures that day-to-day operations run smoothly and efficiently.","Logistics,Operations Management,Excel,Strategy","https://linkedin.com/in/user6,https://github.com/user6"
user.user.7@example.com,User 7,Support,"User 7 is a tech support specialist who helps users resolve issues quickly and effectively.","Customer Support,Troubleshooting,CRM","https://dribbble.com/user7,https://behance.net/user7"
user.user.8@example.com,User 8,Finance,"User 8 is a financial analyst with a strong grasp of budgeting and forecasting.","Budgeting,Forecasting,Excel,Finance","https://twitter.com/user8,https://github.com/user8"
user.user.9@example.com,User 9,Legal,"User 9 ensures compliance and manages legal risk for the company.","Corporate Law,Contracts,Compliance","https://linkedin.com/in/user9,https://dribbble.com/user9"
user.user.10@example.com,User 10,HR,"User 10 leads the HR team, focusing on employee engagement, hiring, and company culture.","Recruitment,HR Management,Onboarding","https://behance.net/user10,https://twitter.com/user10"
user.user.11@example.com,User 11,IT,"User 11 is an IT administrator maintaining company infrastructure and security.","Networking,Cybersecurity,IT Support","https://github.com/user11,https://linkedin.com/in/user11"
user.user.12@example.com,User 12,Analytics,"User 12 analyzes business data to generate insights that inform decisions.","Data Analysis,SQL,Tableau,Python","https://dribbble.com/user12,https://behance.net/user12"
user.user.13@example.com,User 13,Development,"User 13 is a seasoned frontend developer with a passion for creating intuitive user interfaces.","JavaScript,Vue.js,CSS,HTML","https://linkedin.com/in/user13,https://github.com/user13"
user.user.14@example.com,User 14,Marketing,"User 14 is a creative marketing specialist who excels in digital campaigns and brand strategy.","SEO,Content Marketing,Social Media","https://dribbble.com/user14,https://behance.net/user14"
user.user.15@example.com,User 15,Design,"User 15 is a talented UI/UX designer with a keen eye for detail.","Figma,Sketch,Adobe XD","https://twitter.com/user15,https://github.com/user15"
user.user.16@example.com,User 16,Engineering,"User 16 is a backend engineer with expertise in building scalable server-side applications.","Node.js,Python,SQL,MongoDB","https://linkedin.com/in/user16,https://dribbble.com/user16"
user.user.17@example.com,User 17,Product,"User 17 is a product manager who bridges the gap between technical teams and customer needs.","Agile,Scrum,Product Roadmapping","https://behance.net/user17,https://twitter.com/user17"
user.user.18@example.com,User 18,Operations,"User 18 ensures that day-to-day operations run smoothly and efficiently.","Logistics,Operations Management,Excel,Strategy","https://linkedin.com/in/user18,https://github.com/user18"
user.user.19@example.com,User 19,Support,"User 19 is a tech support specialist who helps users resolve issues quickly and effectively.","Customer Support,Troubleshooting,CRM","https://dribbble.com/user19,https://behance.net/user19"
user.user.20@example.com,User 20,Finance,"User 20 is a financial analyst with a strong grasp of budgeting and forecasting.","Budgeting,Forecasting,Excel,Finance","https://twitter.com/user20,https://github.com/user20"
user.user.21@example.com,User 21,Legal,"User 21 ensures compliance and manages legal risk for the company.","Corporate Law,Contracts,Compliance","https://linkedin.com/in/user21,https://dribbble.com/user21"
user.user.22@example.com,User 22,HR,"User 22 leads the HR team, focusing on employee engagement, hiring, and company culture.","Recruitment,HR Management,Onboarding","https://behance.net/user22,https://twitter.com/user22"
user.user.23@example.com,User 23,IT,"User 23 is an IT administrator maintaining company infrastructure and security.","Networking,Cybersecurity,IT Support","https://github.com/user23,https://linkedin.com/in/user23"
user.user.24@example.com,User 24,Analytics,"User 24 analyzes business data to generate insights that inform decisions.","Data Analysis,SQL,Tableau,Python","https://dribbble.com/user24,https://behance.net/user24"
user.user.25@example.com,User 25,Development,"User 25 is a seasoned frontend developer with a passion for creating intuitive user interfaces.","JavaScript,Vue.js,CSS,HTML","https://linkedin.com/in/user25,https://github.com/user25"
user.user.26@example.com,User 26,Marketing,"User 26 is a creative marketing specialist who excels in digital campaigns and brand strategy.","SEO,Content Marketing,Social Media","https://dribbble.com/user26,https://behance.net/user26"
user.user.27@example.com,User 27,Design,"User 27 is a talented UI/UX designer with a keen eye for detail.","Figma,Sketch,Adobe XD","https://twitter.com/user27,https://github.com/user27"
user.user.28@example.com,User 28,Engineering,"User 28 is a backend engineer with expertise in building scalable server-side applications.","Node.js,Python,SQL,MongoDB","https://linkedin.com/in/user28,https://dribbble.com/user28"
user.user.29@example.com,User 29,Product,"User 29 is a product manager who bridges the gap between technical teams and customer needs.","Agile,Scrum,Product Roadmapping","https://behance.net/user29,https://twitter.com/user29"
user.user.30@example.com,User 30,Operations,"User 30 ensures that day-to-day operations run smoothly and efficiently.","Logistics,Operations Management,Excel,Strategy","https://linkedin.com/in/user30,https://github.com/user30"
user.user.31@example.com,User 31,Support,"User 31 is a tech support specialist who helps users resolve issues quickly and effectively.","Customer Support,Troubleshooting,CRM","https://dribbble.com/user31,https://behance.net/user31"
user.user.32@example.com,User 32,Finance,"User 32 is a financial analyst with a strong grasp of budgeting and forecasting.","Budgeting,Forecasting,Excel,Finance","https://twitter.com/user32,https://github.com/user32"
user.user.33@example.com,User 33,Legal,"User 33 ensures compliance and manages legal risk for the company.","Corporate Law,Contracts,Compliance","https://linkedin.com/in/user33,https://dribbble.com/user33"
user.user.34@example.com,User 34,HR,"User 34 leads the HR team, focusing on employee engagement, hiring, and company culture.","Recruitment,HR Management,Onboarding","https://behance.net/user34,https://twitter.com/user34"
user.user.35@example.com,User 35,IT,"User 35 is an IT administrator maintaining company infrastructure and security.","Networking,Cybersecurity,IT Support","https://github.com/user35,https://linkedin.com/in/user35"
user.user.36@example.com,User 36,Analytics,"User 36 analyzes business data to generate insights that inform decisions.","Data Analysis,SQL,Tableau,Python","https://dribbble.com/user36,https://behance.net/user36"
user.user.37@example.com,User 37,Development,"User 37 is a seasoned frontend developer with a passion for creating intuitive user interfaces.","JavaScript,Vue.js,CSS,HTML","https://linkedin.com/in/user37,https://github.com/user37"
user.user.38@example.com,User 38,Marketing,"User 38 is a creative marketing specialist who excels in digital campaigns and brand strategy.","SEO,Content Marketing,Social Media","https://dribbble.com/user38,https://behance.net/user38"
user.user.39@example.com,User 39,Design,"User 39 is a talented UI/UX designer with a keen eye for detail.","Figma,Sketch,Adobe XD","https://twitter.com/user39,https://github.com/user39"
user.user.40@example.com,User 40,Engineering,"User 40 is a backend engineer with expertise in building scalable server-side applications.","Node.js,Python,SQL,MongoDB","https://linkedin.com/in/user40,https://dribbble.com/user40"
user.user.41@example.com,User 41,Product,"User 41 is a product manager who bridges the gap between technical teams and customer needs.","Agile,Scrum,Product Roadmapping","https://behance.net/user41,https://twitter.com/user41"
user.user.42@example.com,User 42,Operations,"User 42 ensures that day-to-day operations run smoothly and efficiently.","Logistics,Operations Management,Excel,Strategy","https://linkedin.com/in/user42,https://github.com/user42"
user.user.43@example.com,User 43,Support,"User 43 is a tech support specialist who helps users resolve issues quickly and effectively.","Customer Support,Troubleshooting,CRM","https://dribbble.com/user43,https://behance.net/user43"
user.user.44@example.com,User 44,Finance,"User 44 is a financial analyst with a strong grasp of budgeting and forecasting.","Budgeting,Forecasting,Excel,Finance","https://twitter.com/user44,https://github.com/user44"
user.user.45@example.com,User 45,Legal,"User 45 ensures compliance and manages legal risk for the company.","Corporate Law,Contracts,Compliance","https://linkedin.com/in/user45,https://dribbble.com/user45"
user.user.46@example.com,User 46,HR,"User 46 leads the HR team, focusing on employee engagement, hiring, and company culture.","Recruitment,HR Management,Onboarding","https://behance.net/user46,https://twitter.com/user46"
user.user.47@example.com,User 47,IT,"User 47 is an IT administrator maintaining company infrastructure and security.","Networking,Cybersecurity,IT Support","https://github.com/user47,https://linkedin.com/in/user47"
user.user.48@example.com,User 48,Analytics,"User 48 analyzes business data to generate insights that inform decisions.","Data Analysis,SQL,Tableau,Python","https://dribbble.com/user48,https://behance.net/user48"
user.user.49@example.com,User 49,Development,"User 49 is a seasoned frontend developer with a passion for creating intuitive user interfaces.","JavaScript,Vue.js,CSS,HTML","https://linkedin.com/in/user49,https://github.com/user49"
user.user.50@example.com,User 50,Marketing,"User 50 is a creative marketing specialist who excels in digital campaigns and brand strategy.","SEO,Content Marketing,Social Media","https://dribbble.com/user50,https://behance.net/user50"
user.user.51@example.com,User 51,Design,"User 51 is a talented UI/UX designer with a keen eye for detail.","Figma,Sketch,Adobe XD","https://twitter.com/user51,https://github.com/user51"
user.user.52@example.com,User 52,Engineering,"User 52 is a backend engineer with expertise in building scalable server-side applications.","Node.js,Python,SQL,MongoDB","https://linkedin.com/in/user52,https://dribbble.com/user52"
user.user.53@example.com,User 53,Product,"User 53 is a product manager who bridges the gap between technical teams and customer needs.","Agile,Scrum,Product Roadmapping","https://behance.net/user53,https://twitter.com/user53"
user.user.54@example.com,User 54,Operations,"User 54 ensures that day-to-day operations run smoothly and efficiently.","Logistics,Operations Management,Excel,Strategy","https://linkedin.com/in/user54,https://github.com/user54"
user.user.55@example.com,User 55,Support,"User 55 is a tech support specialist who helps users resolve issues quickly and effectively.","Customer Support,Troubleshooting,CRM","https://dribbble.com/user55,https://behance.net/user55"
user.user.56@example.com,User 56,Finance,"User 56 is a financial analyst with a strong grasp of budgeting and forecasting.","Budgeting,Forecasting,Excel,Finance","https://twitter.com/user56,https://github.com/user56"
user.user.57@example.com,User 57,Legal,"User 57 ensures compliance and manages legal risk for the company.","Corporate Law,Contracts,Compliance","https://linkedin.com/in/user57,https://dribbble.com/user57"
user.user.58@example.com,User 58,HR,"User 58 leads the HR team, focusing on employee engagement, hiring, and company culture.","Recruitment,HR Management,Onboarding","https://behance.net/user58,https://twitter.com/user58"
user.user.59@example.com,User 59,IT,"User 59 is an IT administrator maintaining company infrastructure and security.","Networking,Cybersecurity,IT Support","https://github.com/user59,https://linkedin.com/in/user59"
user.user.60@example.com,User 60,Analytics,"User 60 analyzes business data to generate insights that inform decisions.","Data Analysis,SQL,Tableau,Python","https://dribbble.com/user60,https://behance.net/user60"
user.user.61@example.com,User 61,Development,"User 61 is a seasoned frontend developer with a passion for creating intuitive user interfaces.","JavaScript,Vue.js,CSS,HTML","https://linkedin.com/in/user61,https://github.com/user61"
user.user.62@example.com,User 62,Marketing,"User 62 is a creative marketing specialist who excels in digital campaigns and brand strategy.","SEO,Content Marketing,Social Media","https://dribbble.com/user62,https://behance.net/user62"
user.user.63@example.com,User 63,Design,"User 63 is a talented UI/UX designer with a keen eye for detail.","Figma,Sketch,Adobe XD","https://twitter.com/user63,https://github.com/user63"
user.user.64@example.com,User 64,Engineering,"User 64 is a backend engineer with expertise in building scalable server-side applications.","Node.js,Python,SQL,MongoDB","https://linkedin.com/in/user64,https://dribbble.com/user64"
user.user.65@example.com,User 65,Product,"User 65 is a product manager who bridges the gap between technical teams and customer needs.","Agile,Scrum,Product Roadmapping","https://behance.net/user65,https://twitter.com/user65"
user.user.66@example.com,User 66,Operations,"User 66 ensures that day-to-day operations run smoothly and efficiently.","Logistics,Operations Management,Excel,Strategy","https://linkedin.com/in/user66,https://github.com/user66"
user.user.67@example.com,User 67,Support,"User 67 is a tech support specialist who helps users resolve issues quickly and effectively.","Customer Support,Troubleshooting,CRM","https://dribbble.com/user67,https://behance.net/user67"
user.user.68@example.com,User 68,Finance,"User 68 is a financial analyst with a strong grasp of budgeting and forecasting.","Budgeting,Forecasting,Excel,Finance","https://twitter.com/user68,https://github.com/user68"
user.user.69@example.com,User 69,Legal,"User 69 ensures compliance and manages legal risk for the company.","Corporate Law,Contracts,Compliance","https://linkedin.com/in/user69,https://dribbble.com/user69"
user.user.70@example.com,User 70,HR,"User 70 leads the HR team, focusing on employee engagement, hiring, and company culture.","Recruitment,HR Management,Onboarding","https://behance.net/user70,https://twitter.com/user70"
user.user.71@example.com,User 71,IT,"User 71 is an IT administrator maintaining company infrastructure and security.","Networking,Cybersecurity,IT Support","https://github.com/user71,https://linkedin.com/in/user71"
user.user.72@example.com,User 72,Analytics,"User 72 analyzes business data to generate insights that inform decisions.","Data Analysis,SQL,Tableau,Python","https://dribbble.com/user72,https://behance.net/user72"
user.user.73@example.com,User 73,Development,"User 73 is a seasoned frontend developer with a passion for creating intuitive user interfaces.","JavaScript,Vue.js,CSS,HTML","https://linkedin.com/in/user73,https://github.com/user73"
user.user.74@example.com,User 74,Marketing,"User 74 is a creative marketing specialist who excels in digital campaigns and brand strategy.","SEO,Content Marketing,Social Media","https://dribbble.com/user74,https://behance.net/user74"
user.user.75@example.com,User 75,Design,"User 75 is a talented UI/UX designer with a keen eye for detail.","Figma,Sketch,Adobe XD","https://twitter.com/user75,https://github.com/user75"
user.user.76@example.com,User 76,Engineering,"User 76 is a backend engineer with expertise in building scalable server-side applications.","Node.js,Python,SQL,MongoDB","https://linkedin.com/in/user76,https://dribbble.com/user76"
user.user.77@example.com,User 77,Product,"User 77 is a product manager who bridges the gap between technical teams and customer needs.","Agile,Scrum,Product Roadmapping","https://behance.net/user77,https://twitter.com/user77"
user.user.78@example.com,User 78,Operations,"User 78 ensures that day-to-day operations run smoothly and efficiently.","Logistics,Operations Management,Excel,Strategy","https://linkedin.com/in/user78,https://github.com/user78"
user.user.79@example.com,User 79,Support,"User 79 is a tech support specialist who helps users resolve issues quickly and effectively.","Customer Support,Troubleshooting,CRM","https://dribbble.com/user79,https://behance.net/user79"
user.user.80@example.com,User 80,Finance,"User 80 is a financial analyst with a strong grasp of budgeting and forecasting.","Budgeting,Forecasting,Excel,Finance","https://twitter.com/user80,https://github.com/user80"
user.user.81@example.com,User 81,Legal,"User 81 ensures compliance and manages legal risk for the company.","Corporate Law,Contracts,Compliance","https://linkedin.com/in/user81,https://dribbble.com/user81"
user.user.82@example.com,User 82,HR,"User 82 leads the HR team, focusing on employee engagement, hiring, and company culture.","Recruitment,HR Management,Onboarding","https://behance.net/user82,https://twitter.com/user82"
user.user.83@example.com,User 83,IT,"User 83 is an IT administrator maintaining company infrastructure and security.","Networking,Cybersecurity,IT Support","https://github.com/user83,https://linkedin.com/in/user83"
user.user.84@example.com,User 84,Analytics,"User 84 analyzes business data to generate insights that inform decisions.","Data Analysis,SQL,Tableau,Python","https://dribbble.com/user84,https://behance.net/user84"
user.user.85@example.com,User 85,Development,"User 85 is a seasoned frontend developer with a passion for creating intuitive user interfaces.","JavaScript,Vue.js,CSS,HTML","https://linkedin.com/in/user85,https://github.com/user85"
user.user.86@example.com,User 86,Marketing,"User 86 is a creative marketing specialist who excels in digital campaigns and brand strategy.","SEO,Content Marketing,Social Media","https://dribbble.com/user86,https://behance.net/user86"
user.user.87@example.com,User 87,Design,"User 87 is a talented UI/UX designer with a keen eye for detail.","Figma,Sketch,Adobe XD","https://twitter.com/user87,https://github.com/user87"
user.user.88@example.com,User 88,Engineering,"User 88 is a backend engineer with expertise in building scalable server-side applications.","Node.js,Python,SQL,MongoDB","https://linkedin.com/in/user88,https://dribbble.com/user88"
user.user.89@example.com,User 89,Product,"User 89 is a product manager who bridges the gap between technical teams and customer needs.","Agile,Scrum,Product Roadmapping","https://behance.net/user89,https://twitter.com/user89"
user.user.90@example.com,User 90,Operations,"User 90 ensures that day-to-day operations run smoothly and efficiently.","Logistics,Operations Management,Excel,Strategy","https://linkedin.com/in/user90,https://github.com/user90"
user.user.91@example.com,User 91,Support,"User 91 is a tech support specialist who helps users resolve issues quickly and effectively.","Customer Support,Troubleshooting,CRM","https://dribbble.com/user91,https://behance.net/user91"
user.user.92@example.com,User 92,Finance,"User 92 is a financial analyst with a strong grasp of budgeting and forecasting.","Budgeting,Forecasting,Excel,Finance","https://twitter.com/user92,https://github.com/user92"
user.user.93@example.com,User 93,Legal,"User 93 ensures compliance and manages legal risk for the company.","Corporate Law,Contracts,Compliance","https://linkedin.com/in/user93,https://dribbble.com/user93"
user.user.94@example.com,User 94,HR,"User 94 leads the HR team, focusing on employee engagement, hiring, and company culture.","Recruitment,HR Management,Onboarding","https://behance.net/user94,https://twitter.com/user94"
user.user.95@example.com,User 95,IT,"User 95 is an IT administrator maintaining company infrastructure and security.","Networking,Cybersecurity,IT Support","https://github.com/user95,https://linkedin.com/in/user95"
user.user.96@example.com,User 96,Analytics,"User 96 analyzes business data to generate insights that inform decisions.","Data Analysis,SQL,Tableau,Python","https://dribbble.com/user96,https://behance.net/user96"
user.user.97@example.com,User 97,Development,"User 97 is a seasoned frontend developer with a passion for creating intuitive user interfaces.","JavaScript,Vue.js,CSS,HTML","https://linkedin.com/in/user97,https://github.com/user97"
user.user.98@example.com,User 98,Marketing,"User 98 is a creative marketing specialist who excels in digital campaigns and brand strategy.","SEO,Content Marketing,Social Media","https://dribbble.com/user98,https://behance.net/user98"
user.user.99@example.com,User 99,Design,"User 99 is a talented UI/UX designer with a keen eye for detail.","Figma,Sketch,Adobe XD","https://twitter.com/user99,https://github.com/user99"
user.user.100@example.com,User 100,Engineering,"User 100 is a backend engineer with expertise in building scalable server-side applications.","Node.js,Python,SQL,MongoDB","https://linkedin.com/in/user100,https://dribbble.com/user100"